,Index,Date,Unemployment Rate - Seasonally Adjusted,Labor Force Participation Rate - Seasonally Adjusted,Real Gross Domestic Product - Seasonally Adjusted,Personal Spending on Transportation - Transportation Services - Seasonally Adjusted,U.S. Airline Traffic - Total - Seasonally Adjusted,U.S. Airline Traffic - International - Seasonally Adjusted,U.S. Airline Traffic - Domestic - Seasonally Adjusted,Transit Ridership - Other Transit Modes - Adjusted,Transit Ridership - Fixed Route Bus - Adjusted,Transit Ridership - Urban Rail - Adjusted,State and Local Government Construction Spending - Line,State and Local Government Construction Spending - Highway and Street,State and Local Government Construction Spending - Transportation,State and Local Government Construction Spending - Bridge,State and Local Government Construction Spending - Mass Transit,State and Local Government Construction Spending - Air,State and Local Government Construction Spending - Parking,State and Local Government Construction Spending - Infrastructure,State and Local Government Construction Spending - Total,State and Local Government Construction Spending - Instructional,State and Local Government Construction Spending - Dormitory,State and Local Government Construction Spending - Other Educational,State and Local Government Construction Spending - Higher Education,State and Local Government Construction Spending - High School,State and Local Government Construction Spending - Middle School / Junior High,State and Local Government Construction Spending - Elementary Schools,State and Local Government Construction Spending - Primary/Secondary Schools,State and Local Government Construction Spending - Educational,Time,Month_Year,Month_Year_nocommas,Year
696,696,01/01/2005 12:00:00 AM,0.053,0.658,14771600000000.0,350326000000.0,16588025000000.0,16588025000000.0,16588025000000.0,11611875.0,416054551.0,311945546.0,349000000.0,2929000000.0,1125000000.0,726000000.0,224000000.0,559000000.0,92000000.0,85000000.0,13130000000.0,614000000.0,171000000.0,203000000.0,1141000000.0,1182000000.0,546000000.0,925000000.0,2739000000.0,4129000000.0,2005-01-01 12:00:00,"January, 2005",January 2005,2005
697,697,02/01/2005 12:00:00 AM,0.054,0.659,16588025000000.0,16588025000000.0,16588025000000.0,16588025000000.0,16588025000000.0,11445295.0,403144202.0,305374953.0,381000000.0,3120000000.0,1111000000.0,860000000.0,246000000.0,577000000.0,99000000.0,79000000.0,13194000000.0,670000000.0,158000000.0,199000000.0,1211000000.0,1133000000.0,594000000.0,896000000.0,2695000000.0,4146000000.0,2005-02-01 12:00:00,"February, 2005",February 2005,2005
698,698,03/01/2005 12:00:00 AM,0.052,0.659,16588025000000.0,16588025000000.0,16588025000000.0,16588025000000.0,16588025000000.0,13310572.0,473893673.0,349880600.0,391000000.0,3583000000.0,1153000000.0,884000000.0,264000000.0,556000000.0,98000000.0,93000000.0,14466000000.0,745000000.0,189000000.0,216000000.0,1343000000.0,1299000000.0,592000000.0,959000000.0,2933000000.0,4550000000.0,2005-03-01 12:00:00,"March, 2005",March 2005,2005
699,699,04/01/2005 12:00:00 AM,0.052,0.661,14839800000000.0,352076000000.0,16588025000000.0,16588025000000.0,16588025000000.0,12907373.0,443809746.0,335620384.0,462000000.0,4320000000.0,1262000000.0,1106000000.0,268000000.0,664000000.0,122000000.0,75000000.0,16319000000.0,765000000.0,195000000.0,288000000.0,1384000000.0,1482000000.0,656000000.0,1089000000.0,3330000000.0,5065000000.0,2005-04-01 12:00:00,"April, 2005",April 2005,2005
700,700,05/01/2005 12:00:00 AM,0.051,0.661,16588025000000.0,16588025000000.0,16588025000000.0,16588025000000.0,16588025000000.0,12763833.0,455794647.0,342804244.0,545000000.0,5557000000.0,1273000000.0,1282000000.0,287000000.0,687000000.0,124000000.0,94000000.0,18699000000.0,762000000.0,279000000.0,262000000.0,1537000000.0,1611000000.0,730000000.0,1188000000.0,3634000000.0,5530000000.0,2005-05-01 12:00:00,"May, 2005",May 2005,2005
701,701,06/01/2005 12:00:00 AM,0.05,0.661,16588025000000.0,16588025000000.0,16588025000000.0,16588025000000.0,16588025000000.0,13209072.0,425623606.0,347032914.0,573000000.0,6479000000.0,1376000000.0,1369000000.0,262000000.0,813000000.0,126000000.0,114000000.0,20786000000.0,864000000.0,267000000.0,259000000.0,1686000000.0,1970000000.0,859000000.0,1446000000.0,4361000000.0,6386000000.0,2005-06-01 12:00:00,"June, 2005",June 2005,2005
702,702,07/01/2005 12:00:00 AM,0.05,0.661,14972100000000.0,353421000000.0,16588025000000.0,16588025000000.0,16588025000000.0,13521836.0,424058723.0,327366213.0,564000000.0,6699000000.0,1447000000.0,1342000000.0,293000000.0,828000000.0,109000000.0,123000000.0,21178000000.0,841000000.0,266000000.0,213000000.0,1678000000.0,2208000000.0,910000000.0,1499000000.0,4720000000.0,6693000000.0,2005-07-01 12:00:00,"July, 2005",July 2005,2005
703,703,08/01/2005 12:00:00 AM,0.049,0.662,16588025000000.0,16588025000000.0,16588025000000.0,16588025000000.0,16588025000000.0,14296142.0,442130056.0,340440029.0,665000000.0,7236000000.0,1593000000.0,1541000000.0,295000000.0,931000000.0,136000000.0,114000000.0,22404000000.0,847000000.0,282000000.0,225000000.0,1720000000.0,2237000000.0,965000000.0,1577000000.0,4851000000.0,6880000000.0,2005-08-01 12:00:00,"August, 2005",August 2005,2005
704,704,09/01/2005 12:00:00 AM,0.05,0.661,16588025000000.0,16588025000000.0,16588025000000.0,16588025000000.0,16588025000000.0,13164273.0,463465350.0,338889664.0,618000000.0,7249000000.0,1581000000.0,1436000000.0,276000000.0,919000000.0,130000000.0,96000000.0,21563000000.0,835000000.0,296000000.0,236000000.0,1783000000.0,1889000000.0,811000000.0,1220000000.0,4006000000.0,6110000000.0,2005-09-01 12:00:00,"September, 2005",September 2005,2005
705,705,10/01/2005 12:00:00 AM,0.05,0.661,15066600000000.0,350910000000.0,16588025000000.0,16588025000000.0,16588025000000.0,12724915.0,475619140.0,352622258.0,651000000.0,6481000000.0,1599000000.0,1334000000.0,275000000.0,927000000.0,121000000.0,123000000.0,20424000000.0,779000000.0,248000000.0,245000000.0,1554000000.0,1760000000.0,815000000.0,1205000000.0,3858000000.0,5721000000.0,2005-10-01 12:00:00,"October, 2005",October 2005,2005
706,706,11/01/2005 12:00:00 AM,0.05,0.66,16588025000000.0,16588025000000.0,16588025000000.0,16588025000000.0,16588025000000.0,12004340.0,438362844.0,344979889.0,555000000.0,5420000000.0,1483000000.0,1237000000.0,255000000.0,848000000.0,103000000.0,75000000.0,18555000000.0,782000000.0,235000000.0,205000000.0,1474000000.0,1652000000.0,829000000.0,1181000000.0,3717000000.0,5449000000.0,2005-11-01 12:00:00,"November, 2005",November 2005,2005
707,707,12/01/2005 12:00:00 AM,0.049,0.66,16588025000000.0,16588025000000.0,16588025000000.0,16588025000000.0,16588025000000.0,11726417.0,411892658.0,316587280.0,481000000.0,4084000000.0,1254000000.0,1127000000.0,263000000.0,684000000.0,96000000.0,65000000.0,16143000000.0,771000000.0,331000000.0,185000000.0,1521000000.0,1469000000.0,762000000.0,1066000000.0,3341000000.0,5093000000.0,2005-12-01 12:00:00,"December, 2005",December 2005,2005
708,708,01/01/2006 12:00:00 AM,0.047,0.66,15267000000000.0,350887000000.0,16588025000000.0,16588025000000.0,16588025000000.0,12505513.0,438299910.0,330539232.0,424000000.0,3226000000.0,1095000000.0,852000000.0,225000000.0,560000000.0,75000000.0,60000000.0,14534000000.0,674000000.0,297000000.0,169000000.0,1359000000.0,1416000000.0,723000000.0,993000000.0,3165000000.0,4749000000.0,2006-01-01 12:00:00,"January, 2006",January 2006,2006
709,709,02/01/2006 12:00:00 AM,0.048,0.661,16588025000000.0,16588025000000.0,16588025000000.0,16588025000000.0,16588025000000.0,11848949.0,412222617.0,309249282.0,433000000.0,3338000000.0,1097000000.0,1036000000.0,230000000.0,543000000.0,71000000.0,78000000.0,14677000000.0,629000000.0,274000000.0,162000000.0,1345000000.0,1401000000.0,709000000.0,973000000.0,3116000000.0,4701000000.0,2006-02-01 12:00:00,"February, 2006",February 2006,2006
710,710,03/01/2006 12:00:00 AM,0.047,0.662,16588025000000.0,16588025000000.0,16588025000000.0,16588025000000.0,16588025000000.0,13735168.0,483558319.0,360285296.0,465000000.0,4073000000.0,1206000000.0,1167000000.0,259000000.0,606000000.0,74000000.0,73000000.0,16272000000.0,740000000.0,256000000.0,172000000.0,1441000000.0,1530000000.0,785000000.0,1021000000.0,3381000000.0,5079000000.0,2006-03-01 12:00:00,"March, 2006",March 2006,2006
711,711,04/01/2006 12:00:00 AM,0.047,0.661,15302700000000.0,351963000000.0,16588025000000.0,16588025000000.0,16588025000000.0,12818348.0,425703184.0,333203331.0,486000000.0,5148000000.0,1366000000.0,1549000000.0,278000000.0,696000000.0,84000000.0,61000000.0,18167000000.0,693000000.0,287000000.0,209000000.0,1424000000.0,1551000000.0,937000000.0,1037000000.0,3568000000.0,5245000000.0,2006-04-01 12:00:00,"April, 2006",April 2006,2006
712,712,05/01/2006 12:00:00 AM,0.046,0.661,16588025000000.0,16588025000000.0,16588025000000.0,16588025000000.0,16588025000000.0,14180112.0,457520661.0,363777923.0,464000000.0,6638000000.0,1457000000.0,1766000000.0,320000000.0,765000000.0,80000000.0,92000000.0,20573000000.0,777000000.0,277000000.0,175000000.0,1573000000.0,1763000000.0,977000000.0,1110000000.0,3890000000.0,5700000000.0,2006-05-01 12:00:00,"May, 2006",May 2006,2006
713,713,06/01/2006 12:00:00 AM,0.046,0.662,16588025000000.0,16588025000000.0,16588025000000.0,16588025000000.0,16588025000000.0,14057602.0,448795706.0,361876423.0,489000000.0,7600000000.0,1607000000.0,1999000000.0,330000000.0,878000000.0,82000000.0,124000000.0,22989000000.0,835000000.0,359000000.0,200000000.0,1748000000.0,2191000000.0,1114000000.0,1308000000.0,4670000000.0,6701000000.0,2006-06-01 12:00:00,"June, 2006",June 2006,2006
714,714,07/01/2006 12:00:00 AM,0.047,0.661,15326400000000.0,352666000000.0,16588025000000.0,16588025000000.0,16588025000000.0,13903911.0,416933462.0,338056818.0,539000000.0,7968000000.0,1621000000.0,2088000000.0,282000000.0,895000000.0,76000000.0,120000000.0,23325000000.0,821000000.0,357000000.0,192000000.0,1773000000.0,2362000000.0,1095000000.0,1464000000.0,4980000000.0,7015000000.0,2006-07-01 12:00:00,"July, 2006",July 2006,2006
715,715,08/01/2006 12:00:00 AM,0.047,0.662,16588025000000.0,16588025000000.0,16588025000000.0,16588025000000.0,16588025000000.0,14898006.0,445540060.0,357020265.0,592000000.0,8243000000.0,1711000000.0,2297000000.0,276000000.0,1019000000.0,105000000.0,163000000.0,24252000000.0,895000000.0,360000000.0,230000000.0,1894000000.0,2384000000.0,1109000000.0,1370000000.0,4916000000.0,7109000000.0,2006-08-01 12:00:00,"August, 2006",August 2006,2006
716,716,09/01/2006 12:00:00 AM,0.045,0.661,16588025000000.0,16588025000000.0,16588025000000.0,16588025000000.0,16588025000000.0,13428739.0,459431946.0,356780246.0,579000000.0,7546000000.0,1729000000.0,2122000000.0,276000000.0,1025000000.0,96000000.0,115000000.0,22944000000.0,829000000.0,275000000.0,220000000.0,1708000000.0,2233000000.0,962000000.0,1172000000.0,4445000000.0,6407000000.0,2006-09-01 12:00:00,"September, 2006",September 2006,2006
717,717,10/01/2006 12:00:00 AM,0.044,0.662,15456900000000.0,356783000000.0,16588025000000.0,16588025000000.0,16588025000000.0,13754109.0,485015462.0,363172974.0,595000000.0,6989000000.0,1727000000.0,2033000000.0,283000000.0,979000000.0,87000000.0,89000000.0,21982000000.0,868000000.0,236000000.0,215000000.0,1594000000.0,2063000000.0,844000000.0,1128000000.0,4082000000.0,5921000000.0,2006-10-01 12:00:00,"October, 2006",October 2006,2006
718,718,11/01/2006 12:00:00 AM,0.045,0.663,16588025000000.0,16588025000000.0,16588025000000.0,16588025000000.0,16588025000000.0,12680862.0,437717915.0,360062057.0,463000000.0,5900000000.0,1605000000.0,1759000000.0,258000000.0,882000000.0,102000000.0,128000000.0,20266000000.0,875000000.0,227000000.0,190000000.0,1623000000.0,1899000000.0,775000000.0,1183000000.0,3896000000.0,5736000000.0,2006-11-01 12:00:00,"November, 2006",November 2006,2006
719,719,12/01/2006 12:00:00 AM,0.044,0.664,16588025000000.0,16588025000000.0,16588025000000.0,16588025000000.0,16588025000000.0,12345070.0,425963560.0,339286556.0,394000000.0,4364000000.0,1474000000.0,1390000000.0,212000000.0,830000000.0,80000000.0,124000000.0,17851000000.0,799000000.0,205000000.0,180000000.0,1480000000.0,1839000000.0,735000000.0,1111000000.0,3738000000.0,5426000000.0,2006-12-01 12:00:00,"December, 2006",December 2006,2006
720,720,01/01/2007 12:00:00 AM,0.046,0.664,15493300000000.0,358993000000.0,16588025000000.0,16588025000000.0,16588025000000.0,13003793.0,433319139.0,347045319.0,379000000.0,3851000000.0,1309000000.0,1173000000.0,218000000.0,670000000.0,89000000.0,88000000.0,16674000000.0,807000000.0,205000000.0,162000000.0,1455000000.0,1665000000.0,701000000.0,1001000000.0,3425000000.0,5065000000.0,2007-01-01 12:00:00,"January, 2007",January 2007,2007
721,721,02/01/2007 12:00:00 AM,0.045,0.663,16588025000000.0,16588025000000.0,16588025000000.0,16588025000000.0,16588025000000.0,12300052.0,410425497.0,322952249.0,384000000.0,3764000000.0,1305000000.0,1230000000.0,251000000.0,642000000.0,69000000.0,78000000.0,16357000000.0,728000000.0,192000000.0,136000000.0,1324000000.0,1582000000.0,740000000.0,971000000.0,3354000000.0,4839000000.0,2007-02-01 12:00:00,"February, 2007",February 2007,2007
722,722,03/01/2007 12:00:00 AM,0.044,0.662,16588025000000.0,16588025000000.0,16588025000000.0,16588025000000.0,16588025000000.0,14051553.0,470885217.0,376082865.0,484000000.0,4345000000.0,1306000000.0,1548000000.0,262000000.0,634000000.0,74000000.0,74000000.0,18000000000.0,769000000.0,200000000.0,161000000.0,1409000000.0,1684000000.0,822000000.0,1097000000.0,3669000000.0,5309000000.0,2007-03-01 12:00:00,"March, 2007",March 2007,2007
723,723,04/01/2007 12:00:00 AM,0.045,0.659,15582100000000.0,358201000000.0,16588025000000.0,16588025000000.0,16588025000000.0,13577513.0,438259495.0,358294250.0,529000000.0,5331000000.0,1563000000.0,1692000000.0,279000000.0,738000000.0,71000000.0,70000000.0,20412000000.0,853000000.0,218000000.0,160000000.0,1553000000.0,1916000000.0,921000000.0,1234000000.0,4150000000.0,5914000000.0,2007-04-01 12:00:00,"April, 2007",April 2007,2007
724,724,05/01/2007 12:00:00 AM,0.044,0.66,16588025000000.0,16588025000000.0,16588025000000.0,16588025000000.0,16588025000000.0,14758045.0,465355047.0,388136492.0,592000000.0,6729000000.0,1689000000.0,2061000000.0,301000000.0,894000000.0,85000000.0,95000000.0,23148000000.0,871000000.0,243000000.0,150000000.0,1655000000.0,2200000000.0,976000000.0,1378000000.0,4605000000.0,6474000000.0,2007-05-01 12:00:00,"May, 2007",May 2007,2007
725,725,06/01/2007 12:00:00 AM,0.046,0.66,16588025000000.0,16588025000000.0,16588025000000.0,16588025000000.0,16588025000000.0,14361038.0,435333936.0,363690648.0,608000000.0,7453000000.0,1829000000.0,2203000000.0,340000000.0,989000000.0,73000000.0,118000000.0,25095000000.0,975000000.0,311000000.0,162000000.0,1924000000.0,2484000000.0,1285000000.0,1631000000.0,5482000000.0,7655000000.0,2007-06-01 12:00:00,"June, 2007",June 2007,2007
726,726,07/01/2007 12:00:00 AM,0.047,0.66,15666700000000.0,357436000000.0,16588025000000.0,16588025000000.0,16588025000000.0,15098531.0,419634355.0,362257868.0,582000000.0,7691000000.0,2065000000.0,2221000000.0,293000000.0,1226000000.0,81000000.0,154000000.0,26023000000.0,1067000000.0,269000000.0,179000000.0,2014000000.0,2701000000.0,1280000000.0,1727000000.0,5775000000.0,8053000000.0,2007-07-01 12:00:00,"July, 2007",July 2007,2007
727,727,08/01/2007 12:00:00 AM,0.046,0.658,16588025000000.0,16588025000000.0,16588025000000.0,16588025000000.0,16588025000000.0,16005421.0,452087647.0,371512052.0,582000000.0,8632000000.0,2049000000.0,2439000000.0,381000000.0,1127000000.0,76000000.0,142000000.0,27579000000.0,1096000000.0,213000000.0,145000000.0,1993000000.0,2936000000.0,1195000000.0,1932000000.0,6117000000.0,8351000000.0,2007-08-01 12:00:00,"August, 2007",August 2007,2007
728,728,09/01/2007 12:00:00 AM,0.047,0.66,16588025000000.0,16588025000000.0,16588025000000.0,16588025000000.0,16588025000000.0,14101814.0,455286432.0,357188270.0,587000000.0,8355000000.0,2102000000.0,2238000000.0,308000000.0,1261000000.0,91000000.0,105000000.0,26495000000.0,1114000000.0,224000000.0,155000000.0,1954000000.0,2463000000.0,1110000000.0,1515000000.0,5129000000.0,7336000000.0,2007-09-01 12:00:00,"September, 2007",September 2007,2007
729,729,10/01/2007 12:00:00 AM,0.047,0.658,15762000000000.0,356345000000.0,16588025000000.0,16588025000000.0,16588025000000.0,15176191.0,490281303.0,401551621.0,583000000.0,7892000000.0,2214000000.0,2226000000.0,344000000.0,1195000000.0,80000000.0,107000000.0,25677000000.0,1006000000.0,197000000.0,147000000.0,1781000000.0,2222000000.0,990000000.0,1524000000.0,4777000000.0,6811000000.0,2007-10-01 12:00:00,"October, 2007",October 2007,2007
730,730,11/01/2007 12:00:00 AM,0.047,0.66,16588025000000.0,16588025000000.0,16588025000000.0,16588025000000.0,16588025000000.0,13788556.0,454062969.0,367685978.0,457000000.0,6595000000.0,1991000000.0,2059000000.0,322000000.0,1095000000.0,84000000.0,93000000.0,23341000000.0,1104000000.0,203000000.0,182000000.0,1867000000.0,2152000000.0,896000000.0,1460000000.0,4538000000.0,6678000000.0,2007-11-01 12:00:00,"November, 2007",November 2007,2007
731,731,12/01/2007 12:00:00 AM,0.05,0.66,16588025000000.0,16588025000000.0,16588025000000.0,16588025000000.0,16588025000000.0,12962246.0,408262635.0,347607458.0,363000000.0,4818000000.0,1723000000.0,1738000000.0,289000000.0,919000000.0,69000000.0,95000000.0,19692000000.0,912000000.0,183000000.0,152000000.0,1629000000.0,1883000000.0,803000000.0,1315000000.0,4033000000.0,5891000000.0,2007-12-01 12:00:00,"December, 2007",December 2007,2007
732,732,01/01/2008 12:00:00 AM,0.05,0.662,15671400000000.0,353594000000.0,16588025000000.0,16588025000000.0,16588025000000.0,13911623.0,442844351.0,348756976.0,327000000.0,3684000000.0,1531000000.0,1368000000.0,259000000.0,760000000.0,79000000.0,98000000.0,17562000000.0,950000000.0,187000000.0,182000000.0,1636000000.0,1753000000.0,755000000.0,1190000000.0,3746000000.0,5629000000.0,2008-01-01 12:00:00,"January, 2008",January 2008,2008
733,733,02/01/2008 12:00:00 AM,0.049,0.66,16588025000000.0,16588025000000.0,16588025000000.0,16588025000000.0,16588025000000.0,13552083.0,436354219.0,350565609.0,342000000.0,3928000000.0,1562000000.0,1513000000.0,265000000.0,780000000.0,73000000.0,99000000.0,17943000000.0,863000000.0,185000000.0,186000000.0,1537000000.0,1664000000.0,760000000.0,1216000000.0,3688000000.0,5471000000.0,2008-02-01 12:00:00,"February, 2008",February 2008,2008
734,734,03/01/2008 12:00:00 AM,0.051,0.661,16588025000000.0,16588025000000.0,16588025000000.0,16588025000000.0,16588025000000.0,14503295.0,459855512.0,373608282.0,403000000.0,4675000000.0,1645000000.0,1695000000.0,366000000.0,722000000.0,90000000.0,93000000.0,19647000000.0,937000000.0,210000000.0,204000000.0,1676000000.0,1886000000.0,764000000.0,1287000000.0,3987000000.0,5928000000.0,2008-03-01 12:00:00,"March, 2008",March 2008,2008
735,735,04/01/2008 12:00:00 AM,0.05,0.659,15752300000000.0,349197000000.0,16588025000000.0,16588025000000.0,16588025000000.0,15120273.0,472743286.0,387548619.0,443000000.0,5774000000.0,1774000000.0,1851000000.0,378000000.0,839000000.0,112000000.0,77000000.0,21855000000.0,1031000000.0,215000000.0,199000000.0,1784000000.0,2126000000.0,828000000.0,1449000000.0,4432000000.0,6465000000.0,2008-04-01 12:00:00,"April, 2008",April 2008,2008
736,736,05/01/2008 12:00:00 AM,0.054,0.661,16588025000000.0,16588025000000.0,16588025000000.0,16588025000000.0,16588025000000.0,15364239.0,475240402.0,390906198.0,558000000.0,6818000000.0,1866000000.0,2123000000.0,366000000.0,929000000.0,114000000.0,87000000.0,24190000000.0,1132000000.0,298000000.0,187000000.0,2079000000.0,2261000000.0,881000000.0,1581000000.0,4756000000.0,7070000000.0,2008-05-01 12:00:00,"May, 2008",May 2008,2008
737,737,06/01/2008 12:00:00 AM,0.056,0.661,16588025000000.0,16588025000000.0,16588025000000.0,16588025000000.0,16588025000000.0,15195299.0,454355659.0,379646114.0,633000000.0,7985000000.0,2066000000.0,2343000000.0,375000000.0,1057000000.0,154000000.0,110000000.0,26945000000.0,1197000000.0,281000000.0,217000000.0,2211000000.0,2735000000.0,1130000000.0,1832000000.0,5731000000.0,8219000000.0,2008-06-01 12:00:00,"June, 2008",June 2008,2008
738,738,07/01/2008 12:00:00 AM,0.058,0.661,15667000000000.0,343279000000.0,16588025000000.0,16588025000000.0,16588025000000.0,16530125.0,465258074.0,394473975.0,639000000.0,8805000000.0,2130000000.0,2368000000.0,411000000.0,1073000000.0,100000000.0,101000000.0,28210000000.0,1187000000.0,324000000.0,188000000.0,2211000000.0,3019000000.0,1128000000.0,2033000000.0,6223000000.0,8674000000.0,2008-07-01 12:00:00,"July, 2008",July 2008,2008
739,739,08/01/2008 12:00:00 AM,0.061,0.661,16588025000000.0,16588025000000.0,16588025000000.0,16588025000000.0,16588025000000.0,15988931.0,459672005.0,381055732.0,586000000.0,9090000000.0,2219000000.0,2291000000.0,371000000.0,1161000000.0,97000000.0,98000000.0,29136000000.0,1307000000.0,387000000.0,212000000.0,2432000000.0,3258000000.0,1183000000.0,1952000000.0,6444000000.0,9129000000.0,2008-08-01 12:00:00,"August, 2008",August 2008,2008
740,740,09/01/2008 12:00:00 AM,0.061,0.66,16588025000000.0,16588025000000.0,16588025000000.0,16588025000000.0,16588025000000.0,15598345.0,488997144.0,373447640.0,558000000.0,9335000000.0,2217000000.0,2432000000.0,395000000.0,1160000000.0,100000000.0,117000000.0,28040000000.0,1294000000.0,258000000.0,240000000.0,2203000000.0,2496000000.0,1002000000.0,1730000000.0,5275000000.0,7764000000.0,2008-09-01 12:00:00,"September, 2008",September 2008,2008
741,741,10/01/2008 12:00:00 AM,0.065,0.66,15328000000000.0,331303000000.0,16588025000000.0,16588025000000.0,16588025000000.0,16493417.0,515540107.0,404082236.0,629000000.0,8545000000.0,2328000000.0,2321000000.0,436000000.0,1136000000.0,112000000.0,123000000.0,27050000000.0,1224000000.0,233000000.0,242000000.0,2077000000.0,2476000000.0,906000000.0,1450000000.0,4883000000.0,7271000000.0,2008-10-01 12:00:00,"October, 2008",October 2008,2008
742,742,11/01/2008 12:00:00 AM,0.068,0.659,16588025000000.0,16588025000000.0,16588025000000.0,16588025000000.0,16588025000000.0,13826498.0,441442550.0,363247932.0,604000000.0,6837000000.0,2077000000.0,1846000000.0,361000000.0,1101000000.0,115000000.0,125000000.0,24045000000.0,1097000000.0,240000000.0,223000000.0,1928000000.0,2258000000.0,871000000.0,1358000000.0,4538000000.0,6748000000.0,2008-11-01 12:00:00,"November, 2008",November 2008,2008
743,743,12/01/2008 12:00:00 AM,0.073,0.658,16588025000000.0,16588025000000.0,16588025000000.0,16588025000000.0,16588025000000.0,13923348.0,428951169.0,375802709.0,468000000.0,4948000000.0,1816000000.0,1540000000.0,390000000.0,860000000.0,105000000.0,113000000.0,20385000000.0,1034000000.0,225000000.0,204000000.0,1769000000.0,2054000000.0,729000000.0,1226000000.0,4068000000.0,6120000000.0,2008-12-01 12:00:00,"December, 2008",December 2008,2008
744,744,01/01/2009 12:00:00 AM,0.078,0.657,15155900000000.0,323356000000.0,16588025000000.0,16588025000000.0,16588025000000.0,14517434.0,430468511.0,347843528.0,367000000.0,3769000000.0,1626000000.0,1165000000.0,280000000.0,764000000.0,77000000.0,120000000.0,17867000000.0,1007000000.0,227000000.0,178000000.0,1756000000.0,1912000000.0,656000000.0,1199000000.0,3839000000.0,5831000000.0,2009-01-01 12:00:00,"January, 2009",January 2009,2009
745,745,02/01/2009 12:00:00 AM,0.083,0.658,16588025000000.0,16588025000000.0,16588025000000.0,16588025000000.0,16588025000000.0,14387413.0,427594360.0,333974553.0,413000000.0,3896000000.0,1780000000.0,1305000000.0,515000000.0,740000000.0,80000000.0,115000000.0,18567000000.0,1055000000.0,220000000.0,206000000.0,1829000000.0,1851000000.0,735000000.0,1176000000.0,3809000000.0,5917000000.0,2009-02-01 12:00:00,"February, 2009",February 2009,2009
746,746,03/01/2009 12:00:00 AM,0.087,0.656,16588025000000.0,16588025000000.0,16588025000000.0,16588025000000.0,16588025000000.0,15974192.0,468329044.0,378966895.0,446000000.0,4483000000.0,1719000000.0,1468000000.0,338000000.0,844000000.0,107000000.0,124000000.0,20576000000.0,1150000000.0,260000000.0,219000000.0,2050000000.0,2098000000.0,779000000.0,1250000000.0,4175000000.0,6513000000.0,2009-03-01 12:00:00,"March, 2009",March 2009,2009
747,747,04/01/2009 12:00:00 AM,0.09,0.657,15134100000000.0,318128000000.0,16588025000000.0,16588025000000.0,16588025000000.0,16240265.0,454702768.0,377470995.0,476000000.0,5589000000.0,1893000000.0,1610000000.0,394000000.0,920000000.0,73000000.0,103000000.0,22814000000.0,1226000000.0,286000000.0,235000000.0,2099000000.0,2131000000.0,863000000.0,1475000000.0,4501000000.0,6907000000.0,2009-04-01 12:00:00,"April, 2009",April 2009,2009
748,748,05/01/2009 12:00:00 AM,0.094,0.657,16588025000000.0,16588025000000.0,16588025000000.0,16588025000000.0,16588025000000.0,15570587.0,444291111.0,370529931.0,481000000.0,6634000000.0,2008000000.0,1966000000.0,423000000.0,998000000.0,88000000.0,105000000.0,24391000000.0,1227000000.0,280000000.0,247000000.0,2100000000.0,2208000000.0,966000000.0,1655000000.0,4871000000.0,7303000000.0,2009-05-01 12:00:00,"May, 2009",May 2009,2009
749,749,06/01/2009 12:00:00 AM,0.095,0.657,16588025000000.0,16588025000000.0,16588025000000.0,16588025000000.0,16588025000000.0,16325621.0,431182492.0,376856227.0,491000000.0,8431000000.0,2174000000.0,2231000000.0,405000000.0,1122000000.0,97000000.0,111000000.0,27871000000.0,1345000000.0,359000000.0,249000000.0,2432000000.0,2724000000.0,1098000000.0,1909000000.0,5764000000.0,8530000000.0,2009-06-01 12:00:00,"June, 2009",June 2009,2009
750,750,07/01/2009 12:00:00 AM,0.095,0.655,15189200000000.0,318317000000.0,16588025000000.0,16588025000000.0,16588025000000.0,17076574.0,431446591.0,372524894.0,453000000.0,9116000000.0,2457000000.0,2360000000.0,491000000.0,1221000000.0,72000000.0,140000000.0,28971000000.0,1298000000.0,337000000.0,246000000.0,2338000000.0,2836000000.0,1209000000.0,2128000000.0,6197000000.0,8862000000.0,2009-07-01 12:00:00,"July, 2009",July 2009,2009
751,751,08/01/2009 12:00:00 AM,0.096,0.654,16588025000000.0,16588025000000.0,16588025000000.0,16588025000000.0,16588025000000.0,16611311.0,428646266.0,366264820.0,489000000.0,9453000000.0,2578000000.0,2128000000.0,464000000.0,1431000000.0,91000000.0,128000000.0,28957000000.0,1387000000.0,304000000.0,322000000.0,2396000000.0,2818000000.0,1098000000.0,1768000000.0,5712000000.0,8510000000.0,2009-08-01 12:00:00,"August, 2009",August 2009,2009
752,752,09/01/2009 12:00:00 AM,0.098,0.651,16588025000000.0,16588025000000.0,16588025000000.0,16588025000000.0,16588025000000.0,15992063.0,458278407.0,372588507.0,476000000.0,9573000000.0,2592000000.0,2376000000.0,468000000.0,1450000000.0,89000000.0,92000000.0,27916000000.0,1357000000.0,239000000.0,360000000.0,2192000000.0,2353000000.0,875000000.0,1405000000.0,4653000000.0,7263000000.0,2009-09-01 12:00:00,"September, 2009",September 2009,2009
753,753,10/01/2009 12:00:00 AM,0.1,0.65,15356100000000.0,319446000000.0,16588025000000.0,16588025000000.0,16588025000000.0,16181489.0,477088524.0,391675506.0,498000000.0,8749000000.0,2476000000.0,2133000000.0,521000000.0,1209000000.0,82000000.0,101000000.0,26176000000.0,1285000000.0,228000000.0,348000000.0,2072000000.0,2054000000.0,810000000.0,1245000000.0,4132000000.0,6619000000.0,2009-10-01 12:00:00,"October, 2009",October 2009,2009
754,754,11/01/2009 12:00:00 AM,0.099,0.65,16588025000000.0,16588025000000.0,16588025000000.0,16588025000000.0,16588025000000.0,14546719.0,429186120.0,342813909.0,436000000.0,6761000000.0,2247000000.0,1920000000.0,498000000.0,1009000000.0,93000000.0,76000000.0,22994000000.0,1261000000.0,234000000.0,256000000.0,1988000000.0,1993000000.0,633000000.0,1068000000.0,3710000000.0,6045000000.0,2009-11-01 12:00:00,"November, 2009",November 2009,2009
755,755,12/01/2009 12:00:00 AM,0.099,0.646,16588025000000.0,16588025000000.0,16588025000000.0,16588025000000.0,16588025000000.0,14853920.0,412880829.0,361544943.0,372000000.0,4800000000.0,1911000000.0,1413000000.0,428000000.0,856000000.0,83000000.0,75000000.0,19358000000.0,1137000000.0,209000000.0,211000000.0,1829000000.0,1752000000.0,557000000.0,963000000.0,3288000000.0,5403000000.0,2009-12-01 12:00:00,"December, 2009",December 2009,2009
756,756,01/01/2010 12:00:00 AM,0.098,0.648,15415100000000.0,320390000000.0,16588025000000.0,16588025000000.0,16588025000000.0,14499667.0,410457520.0,347691757.0,309000000.0,3542000000.0,1682000000.0,1066000000.0,386000000.0,801000000.0,56000000.0,58000000.0,16934000000.0,1082000000.0,213000000.0,205000000.0,1775000000.0,1585000000.0,484000000.0,1008000000.0,3090000000.0,5166000000.0,2010-01-01 12:00:00,"January, 2010",January 2010,2010
757,757,02/01/2010 12:00:00 AM,0.098,0.649,16588025000000.0,16588025000000.0,16588025000000.0,16588025000000.0,16588025000000.0,13892250.0,399337177.0,316986967.0,371000000.0,3742000000.0,1759000000.0,1291000000.0,473000000.0,781000000.0,51000000.0,71000000.0,16565000000.0,1038000000.0,242000000.0,199000000.0,1728000000.0,1567000000.0,470000000.0,925000000.0,2978000000.0,4967000000.0,2010-02-01 12:00:00,"February, 2010",February 2010,2010
758,758,03/01/2010 12:00:00 AM,0.099,0.649,16588025000000.0,16588025000000.0,16588025000000.0,16588025000000.0,16588025000000.0,16722930.0,469307244.0,391219357.0,420000000.0,4502000000.0,2030000000.0,1397000000.0,531000000.0,884000000.0,42000000.0,74000000.0,18706000000.0,1145000000.0,242000000.0,184000000.0,1885000000.0,1663000000.0,455000000.0,1010000000.0,3142000000.0,5271000000.0,2010-03-01 12:00:00,"March, 2010",March 2010,2010
759,759,04/01/2010 12:00:00 AM,0.099,0.652,15557300000000.0,317661000000.0,16588025000000.0,16588025000000.0,16588025000000.0,16387381.0,449671571.0,387345724.0,486000000.0,5650000000.0,2272000000.0,1694000000.0,588000000.0,1003000000.0,40000000.0,70000000.0,21239000000.0,1114000000.0,289000000.0,234000000.0,1904000000.0,1884000000.0,518000000.0,970000000.0,3388000000.0,5601000000.0,2010-04-01 12:00:00,"April, 2010",April 2010,2010
760,760,05/01/2010 12:00:00 AM,0.096,0.649,16588025000000.0,16588025000000.0,16588025000000.0,16588025000000.0,16588025000000.0,15944034.0,435053879.0,385478717.0,568000000.0,6964000000.0,2332000000.0,1972000000.0,551000000.0,1063000000.0,56000000.0,103000000.0,23037000000.0,1198000000.0,277000000.0,199000000.0,2049000000.0,1981000000.0,537000000.0,1141000000.0,3681000000.0,5996000000.0,2010-05-01 12:00:00,"May, 2010",May 2010,2010
761,761,06/01/2010 12:00:00 AM,0.094,0.646,16588025000000.0,16588025000000.0,16588025000000.0,16588025000000.0,16588025000000.0,16650219.0,428191164.0,380981068.0,637000000.0,8353000000.0,2403000000.0,2273000000.0,580000000.0,1098000000.0,61000000.0,145000000.0,26360000000.0,1351000000.0,297000000.0,206000000.0,2288000000.0,2640000000.0,719000000.0,1281000000.0,4678000000.0,7230000000.0,2010-06-01 12:00:00,"June, 2010",June 2010,2010
762,762,07/01/2010 12:00:00 AM,0.094,0.646,15672000000000.0,320079000000.0,16588025000000.0,16588025000000.0,16588025000000.0,16716659.0,411698466.0,373528956.0,608000000.0,8219000000.0,2409000000.0,2552000000.0,489000000.0,1197000000.0,46000000.0,187000000.0,26596000000.0,1313000000.0,321000000.0,170000000.0,2297000000.0,2705000000.0,875000000.0,1537000000.0,5163000000.0,7692000000.0,2010-07-01 12:00:00,"July, 2010",July 2010,2010
763,763,08/01/2010 12:00:00 AM,0.095,0.647,16588025000000.0,16588025000000.0,16588025000000.0,16588025000000.0,16588025000000.0,17451396.0,427127276.0,383073592.0,646000000.0,9483000000.0,2399000000.0,2662000000.0,518000000.0,1104000000.0,63000000.0,138000000.0,28329000000.0,1373000000.0,340000000.0,163000000.0,2416000000.0,2766000000.0,780000000.0,1452000000.0,5028000000.0,7657000000.0,2010-08-01 12:00:00,"August, 2010",August 2010,2010
764,764,09/01/2010 12:00:00 AM,0.095,0.646,16588025000000.0,16588025000000.0,16588025000000.0,16588025000000.0,16588025000000.0,16396144.0,450528523.0,381010089.0,583000000.0,9727000000.0,2719000000.0,2867000000.0,757000000.0,1166000000.0,64000000.0,182000000.0,27888000000.0,1170000000.0,305000000.0,178000000.0,2184000000.0,2401000000.0,641000000.0,1229000000.0,4306000000.0,6725000000.0,2010-09-01 12:00:00,"September, 2010",September 2010,2010
765,765,10/01/2010 12:00:00 AM,0.094,0.644,15750600000000.0,325226000000.0,16588025000000.0,16588025000000.0,16588025000000.0,16297987.0,461866467.0,393517665.0,618000000.0,8858000000.0,2370000000.0,2579000000.0,541000000.0,1065000000.0,67000000.0,151000000.0,25681000000.0,1159000000.0,293000000.0,197000000.0,2041000000.0,1827000000.0,527000000.0,1044000000.0,3420000000.0,5705000000.0,2010-10-01 12:00:00,"October, 2010",October 2010,2010
766,766,11/01/2010 12:00:00 AM,0.098,0.646,16588025000000.0,16588025000000.0,16588025000000.0,16588025000000.0,16588025000000.0,15225173.0,434670973.0,371234187.0,549000000.0,7269000000.0,2124000000.0,2295000000.0,514000000.0,878000000.0,71000000.0,113000000.0,22643000000.0,1142000000.0,293000000.0,134000000.0,2000000000.0,1606000000.0,538000000.0,861000000.0,3029000000.0,5240000000.0,2010-11-01 12:00:00,"November, 2010",November 2010,2010
767,767,12/01/2010 12:00:00 AM,0.093,0.643,16588025000000.0,16588025000000.0,16588025000000.0,16588025000000.0,16588025000000.0,15110462.0,403340128.0,378015824.0,450000000.0,4999000000.0,1996000000.0,1574000000.0,519000000.0,858000000.0,58000000.0,89000000.0,18855000000.0,1053000000.0,259000000.0,155000000.0,1818000000.0,1431000000.0,485000000.0,713000000.0,2659000000.0,4697000000.0,2010-12-01 12:00:00,"December, 2010",December 2010,2010
768,768,01/01/2011 12:00:00 AM,0.091,0.642,15712800000000.0,325837000000.0,16588025000000.0,16588025000000.0,16588025000000.0,14725448.0,408972557.0,353341329.0,384000000.0,3712000000.0,1689000000.0,1236000000.0,423000000.0,715000000.0,51000000.0,109000000.0,16209000000.0,963000000.0,273000000.0,150000000.0,1771000000.0,1364000000.0,425000000.0,697000000.0,2522000000.0,4502000000.0,2011-01-01 12:00:00,"January, 2011",January 2011,2011
769,769,02/01/2011 12:00:00 AM,0.09,0.641,16588025000000.0,16588025000000.0,16588025000000.0,16588025000000.0,16588025000000.0,14252551.0,404031114.0,345816403.0,442000000.0,3755000000.0,1689000000.0,1171000000.0,443000000.0,723000000.0,53000000.0,74000000.0,16040000000.0,994000000.0,290000000.0,140000000.0,1757000000.0,1277000000.0,430000000.0,672000000.0,2407000000.0,4383000000.0,2011-02-01 12:00:00,"February, 2011",February 2011,2011
770,770,03/01/2011 12:00:00 AM,0.09,0.642,16588025000000.0,16588025000000.0,16588025000000.0,16588025000000.0,16588025000000.0,17218800.0,470021909.0,403661890.0,425000000.0,4379000000.0,1861000000.0,1481000000.0,533000000.0,729000000.0,50000000.0,80000000.0,17768000000.0,1106000000.0,281000000.0,113000000.0,1861000000.0,1487000000.0,519000000.0,743000000.0,2777000000.0,4853000000.0,2011-03-01 12:00:00,"March, 2011",March 2011,2011
771,771,04/01/2011 12:00:00 AM,0.091,0.642,15825100000000.0,334569000000.0,16588025000000.0,16588025000000.0,16588025000000.0,16620349.0,443442345.0,380098875.0,438000000.0,5110000000.0,1993000000.0,1810000000.0,471000000.0,890000000.0,55000000.0,61000000.0,19391000000.0,1184000000.0,310000000.0,208000000.0,1945000000.0,1569000000.0,584000000.0,734000000.0,2941000000.0,5195000000.0,2011-04-01 12:00:00,"April, 2011",April 2011,2011
772,772,05/01/2011 12:00:00 AM,0.09,0.641,16588025000000.0,16588025000000.0,16588025000000.0,16588025000000.0,16588025000000.0,16932014.0,443812793.0,403264476.0,467000000.0,6321000000.0,2012000000.0,2226000000.0,501000000.0,859000000.0,63000000.0,83000000.0,21102000000.0,1224000000.0,331000000.0,181000000.0,2080000000.0,1683000000.0,661000000.0,829000000.0,3237000000.0,5597000000.0,2011-05-01 12:00:00,"May, 2011",May 2011,2011
773,773,06/01/2011 12:00:00 AM,0.091,0.64,16588025000000.0,16588025000000.0,16588025000000.0,16588025000000.0,16588025000000.0,17458827.0,432593481.0,394758396.0,511000000.0,7791000000.0,2152000000.0,2436000000.0,488000000.0,988000000.0,64000000.0,104000000.0,24425000000.0,1196000000.0,408000000.0,156000000.0,2231000000.0,2169000000.0,853000000.0,1067000000.0,4117000000.0,6602000000.0,2011-06-01 12:00:00,"June, 2011",June 2011,2011
774,774,07/01/2011 12:00:00 AM,0.09,0.64,15820700000000.0,339439000000.0,16588025000000.0,16588025000000.0,16588025000000.0,17187395.0,407435042.0,383886673.0,564000000.0,8018000000.0,1981000000.0,2523000000.0,453000000.0,883000000.0,47000000.0,246000000.0,24268000000.0,1104000000.0,388000000.0,123000000.0,2226000000.0,2215000000.0,967000000.0,1249000000.0,4473000000.0,6923000000.0,2011-07-01 12:00:00,"July, 2011",July 2011,2011
775,775,08/01/2011 12:00:00 AM,0.09,0.641,16588025000000.0,16588025000000.0,16588025000000.0,16588025000000.0,16588025000000.0,18111246.0,436180377.0,372048497.0,583000000.0,9092000000.0,2212000000.0,2980000000.0,579000000.0,942000000.0,65000000.0,163000000.0,26227000000.0,1273000000.0,400000000.0,131000000.0,2443000000.0,2528000000.0,968000000.0,1123000000.0,4675000000.0,7336000000.0,2011-08-01 12:00:00,"August, 2011",August 2011,2011
776,776,09/01/2011 12:00:00 AM,0.09,0.642,16588025000000.0,16588025000000.0,16588025000000.0,16588025000000.0,16588025000000.0,16961593.0,461288470.0,396967860.0,536000000.0,9303000000.0,2092000000.0,2944000000.0,490000000.0,905000000.0,55000000.0,133000000.0,25386000000.0,1213000000.0,388000000.0,146000000.0,2224000000.0,2087000000.0,859000000.0,1083000000.0,4065000000.0,6527000000.0,2011-09-01 12:00:00,"September, 2011",September 2011,2011
777,777,10/01/2011 12:00:00 AM,0.088,0.641,16004100000000.0,339243000000.0,16588025000000.0,16588025000000.0,16588025000000.0,16699635.0,471099250.0,415259570.0,578000000.0,8485000000.0,2015000000.0,2560000000.0,482000000.0,823000000.0,64000000.0,125000000.0,23881000000.0,1123000000.0,317000000.0,174000000.0,2019000000.0,1887000000.0,704000000.0,967000000.0,3591000000.0,5859000000.0,2011-10-01 12:00:00,"October, 2011",October 2011,2011
778,778,11/01/2011 12:00:00 AM,0.086,0.641,16588025000000.0,16588025000000.0,16588025000000.0,16588025000000.0,16588025000000.0,15752351.0,441713618.0,389176595.0,513000000.0,7336000000.0,1861000000.0,2380000000.0,473000000.0,728000000.0,58000000.0,94000000.0,21725000000.0,1057000000.0,294000000.0,134000000.0,1901000000.0,1625000000.0,612000000.0,908000000.0,3169000000.0,5290000000.0,2011-11-01 12:00:00,"November, 2011",November 2011,2011
779,779,12/01/2011 12:00:00 AM,0.085,0.64,16588025000000.0,16588025000000.0,16588025000000.0,16588025000000.0,16588025000000.0,15624820.0,422212928.0,385444895.0,426000000.0,5068000000.0,1785000000.0,1799000000.0,511000000.0,684000000.0,55000000.0,189000000.0,18331000000.0,936000000.0,284000000.0,174000000.0,1859000000.0,1496000000.0,535000000.0,725000000.0,2787000000.0,4898000000.0,2011-12-01 12:00:00,"December, 2011",December 2011,2011
780,780,01/01/2012 12:00:00 AM,0.083,0.637,16129400000000.0,335198000000.0,16588025000000.0,16588025000000.0,16588025000000.0,15315315.0,427953710.0,378393816.0,426000000.0,3664000000.0,1601000000.0,1474000000.0,423000000.0,595000000.0,49000000.0,102000000.0,16088000000.0,985000000.0,294000000.0,194000000.0,1810000000.0,1336000000.0,497000000.0,698000000.0,2560000000.0,4646000000.0,2012-01-01 12:00:00,"January, 2012",January 2012,2012
781,781,02/01/2012 12:00:00 AM,0.083,0.638,16588025000000.0,16588025000000.0,16588025000000.0,16588025000000.0,16588025000000.0,15679367.0,439194906.0,383436669.0,381000000.0,4002000000.0,1673000000.0,1502000000.0,536000000.0,577000000.0,52000000.0,87000000.0,16337000000.0,986000000.0,318000000.0,173000000.0,1776000000.0,1354000000.0,467000000.0,686000000.0,2537000000.0,4567000000.0,2012-02-01 12:00:00,"February, 2012",February 2012,2012
782,782,03/01/2012 12:00:00 AM,0.082,0.638,16588025000000.0,16588025000000.0,16588025000000.0,16588025000000.0,16588025000000.0,16912364.0,466571084.0,408269094.0,408000000.0,4328000000.0,1687000000.0,1687000000.0,515000000.0,610000000.0,66000000.0,95000000.0,17144000000.0,1029000000.0,335000000.0,206000000.0,1855000000.0,1381000000.0,485000000.0,788000000.0,2681000000.0,4818000000.0,2012-03-01 12:00:00,"March, 2012",March 2012,2012
783,783,04/01/2012 12:00:00 AM,0.082,0.637,16198800000000.0,343051000000.0,16588025000000.0,16588025000000.0,16588025000000.0,16699638.0,441914254.0,389407693.0,451000000.0,5578000000.0,1807000000.0,2163000000.0,530000000.0,651000000.0,64000000.0,130000000.0,19110000000.0,1044000000.0,341000000.0,154000000.0,1939000000.0,1423000000.0,524000000.0,833000000.0,2833000000.0,4995000000.0,2012-04-01 12:00:00,"April, 2012",April 2012,2012
784,784,05/01/2012 12:00:00 AM,0.082,0.637,16588025000000.0,16588025000000.0,16588025000000.0,16588025000000.0,16588025000000.0,17555192.0,452894333.0,407759030.0,451000000.0,7284000000.0,2038000000.0,2460000000.0,592000000.0,766000000.0,58000000.0,182000000.0,21747000000.0,1080000000.0,388000000.0,163000000.0,2081000000.0,1565000000.0,571000000.0,883000000.0,3050000000.0,5341000000.0,2012-05-01 12:00:00,"May, 2012",May 2012,2012
785,785,06/01/2012 12:00:00 AM,0.082,0.638,16588025000000.0,16588025000000.0,16588025000000.0,16588025000000.0,16588025000000.0,17016161.0,420261984.0,392719048.0,480000000.0,8648000000.0,2306000000.0,2798000000.0,689000000.0,946000000.0,67000000.0,173000000.0,24913000000.0,1151000000.0,424000000.0,179000000.0,2239000000.0,2341000000.0,746000000.0,1057000000.0,4169000000.0,6665000000.0,2012-06-01 12:00:00,"June, 2012",June 2012,2012
786,786,07/01/2012 12:00:00 AM,0.082,0.637,16220700000000.0,342668000000.0,16588025000000.0,16588025000000.0,16588025000000.0,17606904.0,413166330.0,396217399.0,494000000.0,8739000000.0,2251000000.0,2836000000.0,650000000.0,921000000.0,58000000.0,161000000.0,25149000000.0,997000000.0,466000000.0,173000000.0,2117000000.0,2547000000.0,1018000000.0,1188000000.0,4781000000.0,7165000000.0,2012-07-01 12:00:00,"July, 2012",July 2012,2012
787,787,08/01/2012 12:00:00 AM,0.081,0.635,16588025000000.0,16588025000000.0,16588025000000.0,16588025000000.0,16588025000000.0,18535651.0,446218381.0,406610385.0,502000000.0,9521000000.0,2344000000.0,2899000000.0,643000000.0,943000000.0,65000000.0,191000000.0,26297000000.0,1041000000.0,447000000.0,205000000.0,2156000000.0,2181000000.0,998000000.0,1337000000.0,4552000000.0,6984000000.0,2012-08-01 12:00:00,"August, 2012",August 2012,2012
788,788,09/01/2012 12:00:00 AM,0.078,0.636,16588025000000.0,16588025000000.0,16588025000000.0,16588025000000.0,16588025000000.0,16284787.0,446047174.0,393365641.0,550000000.0,8663000000.0,2362000000.0,2522000000.0,605000000.0,1025000000.0,79000000.0,204000000.0,24269000000.0,928000000.0,419000000.0,182000000.0,1992000000.0,1851000000.0,689000000.0,1072000000.0,3639000000.0,5897000000.0,2012-09-01 12:00:00,"September, 2012",September 2012,2012
789,789,10/01/2012 12:00:00 AM,0.078,0.638,16239100000000.0,343285000000.0,16588025000000.0,16588025000000.0,16588025000000.0,17280855.0,484034500.0,401444963.0,506000000.0,8189000000.0,2505000000.0,2730000000.0,639000000.0,1108000000.0,92000000.0,170000000.0,23556000000.0,952000000.0,352000000.0,144000000.0,1892000000.0,1639000000.0,592000000.0,975000000.0,3231000000.0,5315000000.0,2012-10-01 12:00:00,"October, 2012",October 2012,2012
790,790,11/01/2012 12:00:00 AM,0.077,0.636,16588025000000.0,16588025000000.0,16588025000000.0,16588025000000.0,16588025000000.0,16110421.0,443807311.0,381467393.0,517000000.0,6595000000.0,2225000000.0,2224000000.0,616000000.0,892000000.0,85000000.0,132000000.0,20771000000.0,897000000.0,327000000.0,178000000.0,1766000000.0,1408000000.0,476000000.0,947000000.0,2856000000.0,4862000000.0,2012-11-01 12:00:00,"November, 2012",November 2012,2012
791,791,12/01/2012 12:00:00 AM,0.079,0.637,16588025000000.0,16588025000000.0,16588025000000.0,16588025000000.0,16588025000000.0,15143085.0,407109182.0,381180414.0,468000000.0,4510000000.0,1997000000.0,1756000000.0,596000000.0,765000000.0,62000000.0,108000000.0,16997000000.0,843000000.0,324000000.0,104000000.0,1704000000.0,1251000000.0,495000000.0,732000000.0,2501000000.0,4368000000.0,2012-12-01 12:00:00,"December, 2012",December 2012,2012
792,792,01/01/2013 12:00:00 AM,0.08,0.637,16383000000000.0,349449000000.0,16588025000000.0,16588025000000.0,16588025000000.0,16109320.0,434859729.0,391456289.0,454000000.0,3663000000.0,1803000000.0,1463000000.0,591000000.0,632000000.0,65000000.0,90000000.0,15193000000.0,870000000.0,304000000.0,110000000.0,1658000000.0,1177000000.0,407000000.0,690000000.0,2293000000.0,4109000000.0,2013-01-01 12:00:00,"January, 2013",January 2013,2013
793,793,02/01/2013 12:00:00 AM,0.077,0.634,16588025000000.0,16588025000000.0,16588025000000.0,16588025000000.0,16588025000000.0,14867817.0,418613331.0,358326511.0,424000000.0,3770000000.0,1809000000.0,1556000000.0,562000000.0,688000000.0,50000000.0,86000000.0,15515000000.0,869000000.0,308000000.0,142000000.0,1638000000.0,1147000000.0,461000000.0,687000000.0,2316000000.0,4153000000.0,2013-02-01 12:00:00,"February, 2013",February 2013,2013
794,794,03/01/2013 12:00:00 AM,0.075,0.633,16588025000000.0,16588025000000.0,16588025000000.0,16588025000000.0,16588025000000.0,16561172.0,446313477.0,403677037.0,444000000.0,4007000000.0,1919000000.0,1541000000.0,641000000.0,672000000.0,52000000.0,70000000.0,16097000000.0,889000000.0,298000000.0,107000000.0,1629000000.0,1169000000.0,497000000.0,719000000.0,2409000000.0,4190000000.0,2013-03-01 12:00:00,"March, 2013",March 2013,2013
795,795,04/01/2013 12:00:00 AM,0.076,0.634,16403200000000.0,356746000000.0,16588025000000.0,16588025000000.0,16588025000000.0,17157125.0,460021840.0,408338611.0,489000000.0,5548000000.0,2215000000.0,2049000000.0,736000000.0,772000000.0,50000000.0,66000000.0,18872000000.0,946000000.0,320000000.0,96000000.0,1756000000.0,1275000000.0,565000000.0,754000000.0,2622000000.0,4495000000.0,2013-04-01 12:00:00,"April, 2013",April 2013,2013
796,796,05/01/2013 12:00:00 AM,0.075,0.634,16588025000000.0,16588025000000.0,16588025000000.0,16588025000000.0,16588025000000.0,17602320.0,454439208.0,414493008.0,503000000.0,7035000000.0,2180000000.0,2561000000.0,607000000.0,812000000.0,67000000.0,80000000.0,21000000000.0,1060000000.0,335000000.0,130000000.0,1929000000.0,1457000000.0,523000000.0,790000000.0,2795000000.0,4895000000.0,2013-05-01 12:00:00,"May, 2013",May 2013,2013
797,797,06/01/2013 12:00:00 AM,0.075,0.634,16588025000000.0,16588025000000.0,16588025000000.0,16588025000000.0,16588025000000.0,16947977.0,410181321.0,402673123.0,479000000.0,8251000000.0,2241000000.0,2775000000.0,565000000.0,859000000.0,57000000.0,109000000.0,23707000000.0,1217000000.0,403000000.0,124000000.0,2236000000.0,1743000000.0,812000000.0,1053000000.0,3638000000.0,6046000000.0,2013-06-01 12:00:00,"June, 2013",June 2013,2013
798,798,07/01/2013 12:00:00 AM,0.073,0.633,16531700000000.0,360073000000.0,16588025000000.0,16588025000000.0,16588025000000.0,18213366.0,423153518.0,404783745.0,495000000.0,8984000000.0,2308000000.0,3014000000.0,572000000.0,935000000.0,50000000.0,111000000.0,24815000000.0,1146000000.0,371000000.0,108000000.0,2125000000.0,2007000000.0,1034000000.0,1159000000.0,4229000000.0,6568000000.0,2013-07-01 12:00:00,"July, 2013",July 2013,2013
799,799,08/01/2013 12:00:00 AM,0.072,0.633,16588025000000.0,16588025000000.0,16588025000000.0,16588025000000.0,16588025000000.0,18449857.0,438404651.0,408956277.0,550000000.0,9697000000.0,2358000000.0,3233000000.0,603000000.0,969000000.0,49000000.0,113000000.0,25879000000.0,993000000.0,389000000.0,106000000.0,1977000000.0,1965000000.0,1044000000.0,1293000000.0,4330000000.0,6494000000.0,2013-08-01 12:00:00,"August, 2013",August 2013,2013
800,800,09/01/2013 12:00:00 AM,0.072,0.632,16588025000000.0,16588025000000.0,16588025000000.0,16588025000000.0,16588025000000.0,16833246.0,452493755.0,409342055.0,509000000.0,9309000000.0,2417000000.0,3166000000.0,584000000.0,938000000.0,39000000.0,84000000.0,24376000000.0,951000000.0,305000000.0,129000000.0,1794000000.0,1716000000.0,717000000.0,976000000.0,3427000000.0,5435000000.0,2013-09-01 12:00:00,"September, 2013",September 2013,2013
801,801,10/01/2013 12:00:00 AM,0.072,0.628,16663600000000.0,359333000000.0,16588025000000.0,16588025000000.0,16588025000000.0,17784139.0,490525380.0,441769917.0,539000000.0,8622000000.0,2462000000.0,2987000000.0,604000000.0,964000000.0,52000000.0,99000000.0,23748000000.0,980000000.0,290000000.0,179000000.0,1785000000.0,1380000000.0,715000000.0,870000000.0,3004000000.0,5020000000.0,2013-10-01 12:00:00,"October, 2013",October 2013,2013
802,802,11/01/2013 12:00:00 AM,0.069,0.63,16588025000000.0,16588025000000.0,16588025000000.0,16588025000000.0,16588025000000.0,15539992.0,428507640.0,396649178.0,507000000.0,6822000000.0,2165000000.0,2556000000.0,571000000.0,833000000.0,50000000.0,85000000.0,20565000000.0,984000000.0,274000000.0,142000000.0,1715000000.0,1250000000.0,518000000.0,853000000.0,2688000000.0,4606000000.0,2013-11-01 12:00:00,"November, 2013",November 2013,2013
803,803,12/01/2013 12:00:00 AM,0.067,0.629,16588025000000.0,16588025000000.0,16588025000000.0,16588025000000.0,16588025000000.0,15301670.0,408088609.0,392250334.0,386000000.0,4903000000.0,1996000000.0,1912000000.0,552000000.0,695000000.0,40000000.0,73000000.0,17189000000.0,850000000.0,248000000.0,127000000.0,1549000000.0,1054000000.0,437000000.0,736000000.0,2300000000.0,4016000000.0,2013-12-01 12:00:00,"December, 2013",December 2013,2013
804,804,01/01/2014 12:00:00 AM,0.066,0.629,16616500000000.0,368679000000.0,16588025000000.0,16588025000000.0,16588025000000.0,15418762.0,412868179.0,381616588.0,350000000.0,3849000000.0,1858000000.0,1529000000.0,560000000.0,626000000.0,29000000.0,69000000.0,15123000000.0,868000000.0,261000000.0,120000000.0,1600000000.0,951000000.0,402000000.0,747000000.0,2134000000.0,3880000000.0,2014-01-01 12:00:00,"January, 2014",January 2014,2014
805,805,02/01/2014 12:00:00 AM,0.067,0.629,16588025000000.0,16588025000000.0,16588025000000.0,16588025000000.0,16588025000000.0,14562295.0,403328380.0,372730122.0,344000000.0,3864000000.0,1876000000.0,1606000000.0,529000000.0,592000000.0,29000000.0,61000000.0,14915000000.0,892000000.0,242000000.0,119000000.0,1582000000.0,955000000.0,378000000.0,726000000.0,2134000000.0,3864000000.0,2014-02-01 12:00:00,"February, 2014",February 2014,2014
806,806,03/01/2014 12:00:00 AM,0.067,0.631,16588025000000.0,16588025000000.0,16588025000000.0,16588025000000.0,16588025000000.0,16630120.0,447688654.0,426393158.0,374000000.0,4505000000.0,2021000000.0,1845000000.0,587000000.0,691000000.0,24000000.0,75000000.0,16333000000.0,876000000.0,287000000.0,104000000.0,1645000000.0,1024000000.0,383000000.0,813000000.0,2328000000.0,4101000000.0,2014-03-01 12:00:00,"March, 2014",March 2014,2014
807,807,04/01/2014 12:00:00 AM,0.062,0.628,16841500000000.0,372484000000.0,16588025000000.0,16588025000000.0,16588025000000.0,17478272.0,452469919.0,428575468.0,508000000.0,5920000000.0,2105000000.0,2344000000.0,522000000.0,746000000.0,32000000.0,124000000.0,19160000000.0,941000000.0,292000000.0,131000000.0,1826000000.0,1256000000.0,412000000.0,962000000.0,2724000000.0,4706000000.0,2014-04-01 12:00:00,"April, 2014",April 2014,2014
808,808,05/01/2014 12:00:00 AM,0.063,0.629,16588025000000.0,16588025000000.0,16588025000000.0,16588025000000.0,16588025000000.0,17522501.0,448165670.0,436112383.0,554000000.0,7284000000.0,2411000000.0,2491000000.0,666000000.0,923000000.0,37000000.0,123000000.0,21713000000.0,967000000.0,299000000.0,195000000.0,1896000000.0,1301000000.0,535000000.0,1110000000.0,3030000000.0,5158000000.0,2014-05-01 12:00:00,"May, 2014",May 2014,2014
809,809,06/01/2014 12:00:00 AM,0.061,0.628,16588025000000.0,16588025000000.0,16588025000000.0,16588025000000.0,16588025000000.0,17512595.0,416801173.0,418151708.0,526000000.0,7980000000.0,2534000000.0,2693000000.0,579000000.0,1075000000.0,35000000.0,193000000.0,24208000000.0,1044000000.0,351000000.0,207000000.0,2220000000.0,1831000000.0,688000000.0,1260000000.0,3855000000.0,6321000000.0,2014-06-01 12:00:00,"June, 2014",June 2014,2014
810,810,07/01/2014 12:00:00 AM,0.062,0.629,17047100000000.0,377563000000.0,16588025000000.0,16588025000000.0,16588025000000.0,18970782.0,423494448.0,421380740.0,565000000.0,9239000000.0,2510000000.0,3071000000.0,616000000.0,983000000.0,33000000.0,198000000.0,25909000000.0,1083000000.0,333000000.0,232000000.0,2179000000.0,1866000000.0,836000000.0,1335000000.0,4107000000.0,6619000000.0,2014-07-01 12:00:00,"July, 2014",July 2014,2014
811,811,08/01/2014 12:00:00 AM,0.061,0.629,16588025000000.0,16588025000000.0,16588025000000.0,16588025000000.0,16588025000000.0,18432301.0,426763698.0,419725564.0,575000000.0,9767000000.0,2595000000.0,3167000000.0,645000000.0,1079000000.0,40000000.0,189000000.0,26520000000.0,1117000000.0,293000000.0,226000000.0,2198000000.0,1942000000.0,819000000.0,1396000000.0,4226000000.0,6706000000.0,2014-08-01 12:00:00,"August, 2014",August 2014,2014
812,812,09/01/2014 12:00:00 AM,0.059,0.628,16588025000000.0,16588025000000.0,16588025000000.0,16588025000000.0,16588025000000.0,17592118.0,462192187.0,429130674.0,583000000.0,9579000000.0,2612000000.0,2981000000.0,630000000.0,1108000000.0,53000000.0,177000000.0,25246000000.0,1114000000.0,282000000.0,178000000.0,2038000000.0,1502000000.0,675000000.0,1127000000.0,3362000000.0,5607000000.0,2014-09-01 12:00:00,"September, 2014",September 2014,2014
813,813,10/01/2014 12:00:00 AM,0.057,0.629,17143000000000.0,378533000000.0,16588025000000.0,16588025000000.0,16588025000000.0,18387323.0,491245387.0,454743586.0,559000000.0,9514000000.0,2681000000.0,2958000000.0,650000000.0,1138000000.0,48000000.0,185000000.0,25213000000.0,1062000000.0,292000000.0,194000000.0,1950000000.0,1469000000.0,587000000.0,927000000.0,3051000000.0,5228000000.0,2014-10-01 12:00:00,"October, 2014",October 2014,2014
814,814,11/01/2014 12:00:00 AM,0.058,0.629,16588025000000.0,16588025000000.0,16588025000000.0,16588025000000.0,16588025000000.0,15293676.0,413702364.0,391152307.0,471000000.0,7220000000.0,2418000000.0,2527000000.0,620000000.0,984000000.0,49000000.0,152000000.0,21065000000.0,1019000000.0,266000000.0,200000000.0,1827000000.0,1203000000.0,563000000.0,779000000.0,2579000000.0,4639000000.0,2014-11-01 12:00:00,"November, 2014",November 2014,2014
815,815,12/01/2014 12:00:00 AM,0.056,0.628,16588025000000.0,16588025000000.0,16588025000000.0,16588025000000.0,16588025000000.0,16277932.0,418703626.0,407598338.0,408000000.0,5293000000.0,2136000000.0,2022000000.0,558000000.0,877000000.0,34000000.0,137000000.0,18307000000.0,967000000.0,270000000.0,157000000.0,1762000000.0,1175000000.0,503000000.0,706000000.0,2406000000.0,4347000000.0,2014-12-01 12:00:00,"December, 2014",December 2014,2014
816,816,01/01/2015 12:00:00 AM,0.057,0.629,17305800000000.0,381775000000.0,16588025000000.0,16588025000000.0,16588025000000.0,15481236.0,406792856.0,373107679.0,406000000.0,4042000000.0,1998000000.0,1623000000.0,571000000.0,688000000.0,32000000.0,136000000.0,16111000000.0,935000000.0,284000000.0,106000000.0,1749000000.0,1039000000.0,444000000.0,629000000.0,2135000000.0,4011000000.0,2015-01-01 12:00:00,"January, 2015",January 2015,2015
817,817,02/01/2015 12:00:00 AM,0.055,0.627,16588025000000.0,16588025000000.0,16588025000000.0,16588025000000.0,16588025000000.0,14776228.0,391716828.0,351242138.0,355000000.0,4031000000.0,1964000000.0,1560000000.0,551000000.0,712000000.0,33000000.0,137000000.0,15899000000.0,909000000.0,299000000.0,84000000.0,1758000000.0,1095000000.0,434000000.0,633000000.0,2183000000.0,4051000000.0,2015-02-01 12:00:00,"February, 2015",February 2015,2015
818,818,03/01/2015 12:00:00 AM,0.054,0.626,16588025000000.0,16588025000000.0,16588025000000.0,16588025000000.0,16588025000000.0,17212906.0,445890962.0,421479443.0,386000000.0,4640000000.0,2218000000.0,1961000000.0,593000000.0,785000000.0,36000000.0,163000000.0,17725000000.0,992000000.0,281000000.0,100000000.0,1865000000.0,1215000000.0,457000000.0,703000000.0,2399000000.0,4422000000.0,2015-03-01 12:00:00,"March, 2015",March 2015,2015
819,819,04/01/2015 12:00:00 AM,0.054,0.628,17422800000000.0,387247000000.0,16588025000000.0,16588025000000.0,16588025000000.0,17783008.0,441944313.0,419355087.0,448000000.0,6368000000.0,2453000000.0,2456000000.0,662000000.0,830000000.0,47000000.0,141000000.0,20975000000.0,1142000000.0,309000000.0,156000000.0,2138000000.0,1316000000.0,538000000.0,843000000.0,2720000000.0,5073000000.0,2015-04-01 12:00:00,"April, 2015",April 2015,2015
820,820,05/01/2015 12:00:00 AM,0.056,0.629,16588025000000.0,16588025000000.0,16588025000000.0,16588025000000.0,16588025000000.0,17543829.0,425134377.0,406499441.0,533000000.0,7705000000.0,2543000000.0,2951000000.0,667000000.0,914000000.0,57000000.0,145000000.0,23183000000.0,1173000000.0,357000000.0,230000000.0,2271000000.0,1517000000.0,579000000.0,867000000.0,2987000000.0,5552000000.0,2015-05-01 12:00:00,"May, 2015",May 2015,2015
821,821,06/01/2015 12:00:00 AM,0.053,0.627,16588025000000.0,16588025000000.0,16588025000000.0,16588025000000.0,16588025000000.0,18574710.0,415136968.0,422218925.0,593000000.0,9415000000.0,2740000000.0,3146000000.0,799000000.0,965000000.0,70000000.0,141000000.0,26980000000.0,1295000000.0,510000000.0,212000000.0,2601000000.0,2088000000.0,773000000.0,1113000000.0,4016000000.0,6948000000.0,2015-06-01 12:00:00,"June, 2015",June 2015,2015
822,822,07/01/2015 12:00:00 AM,0.052,0.626,17486000000000.0,389011000000.0,16588025000000.0,16588025000000.0,16588025000000.0,19614863.0,414987604.0,432859298.0,588000000.0,10123000000.0,2679000000.0,3223000000.0,747000000.0,971000000.0,98000000.0,138000000.0,27939000000.0,1266000000.0,443000000.0,194000000.0,2485000000.0,2388000000.0,960000000.0,1229000000.0,4629000000.0,7381000000.0,2015-07-01 12:00:00,"July, 2015",July 2015,2015
823,823,08/01/2015 12:00:00 AM,0.051,0.626,16588025000000.0,16588025000000.0,16588025000000.0,16588025000000.0,16588025000000.0,19077233.0,413682682.0,385317293.0,594000000.0,10862000000.0,2767000000.0,3687000000.0,715000000.0,1102000000.0,105000000.0,131000000.0,28885000000.0,1356000000.0,398000000.0,172000000.0,2441000000.0,2560000000.0,868000000.0,1071000000.0,4563000000.0,7225000000.0,2015-08-01 12:00:00,"August, 2015",August 2015,2015
824,824,09/01/2015 12:00:00 AM,0.05,0.624,16588025000000.0,16588025000000.0,16588025000000.0,16588025000000.0,16588025000000.0,18036140.0,443018225.0,413854787.0,608000000.0,10524000000.0,2775000000.0,3366000000.0,669000000.0,1139000000.0,98000000.0,132000000.0,27234000000.0,1191000000.0,337000000.0,192000000.0,2194000000.0,1906000000.0,734000000.0,1009000000.0,3700000000.0,6108000000.0,2015-09-01 12:00:00,"September, 2015",September 2015,2015
825,825,10/01/2015 12:00:00 AM,0.05,0.625,17514100000000.0,394226000000.0,16588025000000.0,16588025000000.0,16588025000000.0,18222215.0,463955116.0,448352817.0,607000000.0,9711000000.0,2731000000.0,3160000000.0,679000000.0,1110000000.0,97000000.0,92000000.0,25505000000.0,1045000000.0,305000000.0,192000000.0,1891000000.0,1715000000.0,641000000.0,884000000.0,3268000000.0,5371000000.0,2015-10-01 12:00:00,"October, 2015",October 2015,2015
826,826,11/01/2015 12:00:00 AM,0.051,0.625,16588025000000.0,16588025000000.0,16588025000000.0,16588025000000.0,16588025000000.0,16026042.0,411420986.0,398861146.0,545000000.0,7416000000.0,2386000000.0,2493000000.0,634000000.0,876000000.0,80000000.0,107000000.0,21690000000.0,1083000000.0,305000000.0,133000000.0,1908000000.0,1567000000.0,586000000.0,780000000.0,2954000000.0,5011000000.0,2015-11-01 12:00:00,"November, 2015",November 2015,2015
827,827,12/01/2015 12:00:00 AM,0.05,0.627,16588025000000.0,16588025000000.0,16588025000000.0,16588025000000.0,16588025000000.0,16586781.0,406962247.0,405053920.0,435000000.0,5972000000.0,2112000000.0,2141000000.0,555000000.0,670000000.0,56000000.0,107000000.0,19093000000.0,1003000000.0,301000000.0,133000000.0,1815000000.0,1359000000.0,507000000.0,776000000.0,2668000000.0,4630000000.0,2015-12-01 12:00:00,"December, 2015",December 2015,2015
828,828,01/01/2016 12:00:00 AM,0.048,0.627,17613300000000.0,399768000000.0,16588025000000.0,16588025000000.0,16588025000000.0,15430528.0,386755389.0,370877899.0,381000000.0,4637000000.0,1863000000.0,1797000000.0,514000000.0,596000000.0,30000000.0,78000000.0,17063000000.0,1015000000.0,301000000.0,113000000.0,1821000000.0,1282000000.0,502000000.0,722000000.0,2524000000.0,4479000000.0,2016-01-01 12:00:00,"January, 2016",January 2016,2016
829,829,02/01/2016 12:00:00 AM,0.049,0.628,16588025000000.0,16588025000000.0,16588025000000.0,16588025000000.0,16588025000000.0,15881011.0,407901595.0,385782568.0,455000000.0,4569000000.0,1950000000.0,1672000000.0,537000000.0,642000000.0,29000000.0,91000000.0,17553000000.0,968000000.0,310000000.0,147000000.0,1784000000.0,1326000000.0,562000000.0,771000000.0,2667000000.0,4673000000.0,2016-02-01 12:00:00,"February, 2016",February 2016,2016
830,830,03/01/2016 12:00:00 AM,0.05,0.63,16588025000000.0,16588025000000.0,16588025000000.0,16588025000000.0,16588025000000.0,17947740.0,439052186.0,426988229.0,465000000.0,5353000000.0,2161000000.0,1958000000.0,617000000.0,676000000.0,44000000.0,86000000.0,19021000000.0,1099000000.0,293000000.0,138000000.0,1925000000.0,1378000000.0,635000000.0,853000000.0,2876000000.0,5007000000.0,2016-03-01 12:00:00,"March, 2016",March 2016,2016
831,831,04/01/2016 12:00:00 AM,0.051,0.629,17668200000000.0,400933000000.0,16588025000000.0,16588025000000.0,16588025000000.0,17551284.0,420637828.0,409660770.0,513000000.0,6365000000.0,2181000000.0,2276000000.0,562000000.0,781000000.0,53000000.0,82000000.0,21035000000.0,1159000000.0,333000000.0,158000000.0,2043000000.0,1400000000.0,767000000.0,900000000.0,3087000000.0,5354000000.0,2016-04-01 12:00:00,"April, 2016",April 2016,2016
832,832,05/01/2016 12:00:00 AM,0.048,0.627,16588025000000.0,16588025000000.0,16588025000000.0,16588025000000.0,16588025000000.0,18088573.0,413648699.0,425163795.0,579000000.0,7620000000.0,2334000000.0,2759000000.0,640000000.0,840000000.0,48000000.0,91000000.0,23170000000.0,1231000000.0,350000000.0,151000000.0,2162000000.0,1518000000.0,715000000.0,1118000000.0,3373000000.0,5773000000.0,2016-05-01 12:00:00,"May, 2016",May 2016,2016
833,833,06/01/2016 12:00:00 AM,0.049,0.627,16588025000000.0,16588025000000.0,16588025000000.0,16588025000000.0,16588025000000.0,18802734.0,398921201.0,426663431.0,658000000.0,9386000000.0,2497000000.0,3197000000.0,654000000.0,952000000.0,56000000.0,108000000.0,27234000000.0,1336000000.0,486000000.0,176000000.0,2467000000.0,2163000000.0,980000000.0,1527000000.0,4749000000.0,7463000000.0,2016-06-01 12:00:00,"June, 2016",June 2016,2016
834,834,07/01/2016 12:00:00 AM,0.048,0.628,17764400000000.0,406522000000.0,16588025000000.0,16588025000000.0,16588025000000.0,18621062.0,375914623.0,391196457.0,598000000.0,9764000000.0,2538000000.0,3333000000.0,657000000.0,993000000.0,50000000.0,98000000.0,26976000000.0,1121000000.0,435000000.0,188000000.0,2226000000.0,2189000000.0,976000000.0,1632000000.0,4960000000.0,7461000000.0,2016-07-01 12:00:00,"July, 2016",July 2016,2016
835,835,08/01/2016 12:00:00 AM,0.049,0.629,16588025000000.0,16588025000000.0,16588025000000.0,16588025000000.0,16588025000000.0,19893326.0,410037936.0,410797109.0,578000000.0,10428000000.0,2462000000.0,3226000000.0,565000000.0,911000000.0,45000000.0,134000000.0,27924000000.0,1362000000.0,551000000.0,174000000.0,2605000000.0,2183000000.0,860000000.0,1426000000.0,4627000000.0,7478000000.0,2016-08-01 12:00:00,"August, 2016",August 2016,2016
836,836,09/01/2016 12:00:00 AM,0.05,0.629,16588025000000.0,16588025000000.0,16588025000000.0,16588025000000.0,16588025000000.0,18116568.0,427679116.0,414955301.0,549000000.0,10392000000.0,2641000000.0,3256000000.0,628000000.0,1103000000.0,49000000.0,143000000.0,26989000000.0,1267000000.0,351000000.0,174000000.0,2278000000.0,1912000000.0,808000000.0,1097000000.0,3872000000.0,6376000000.0,2016-09-01 12:00:00,"September, 2016",September 2016,2016
837,837,10/01/2016 12:00:00 AM,0.049,0.628,17876200000000.0,412332000000.0,16588025000000.0,16588025000000.0,16588025000000.0,17566523.0,427759202.0,420310003.0,531000000.0,9960000000.0,2622000000.0,3091000000.0,590000000.0,1086000000.0,51000000.0,142000000.0,25927000000.0,1167000000.0,274000000.0,185000000.0,2022000000.0,1669000000.0,746000000.0,1003000000.0,3476000000.0,5708000000.0,2016-10-01 12:00:00,"October, 2016",October 2016,2016
838,838,11/01/2016 12:00:00 AM,0.047,0.627,16588025000000.0,16588025000000.0,16588025000000.0,16588025000000.0,16588025000000.0,16496665.0,399448050.0,401096574.0,528000000.0,8174000000.0,2362000000.0,2632000000.0,575000000.0,956000000.0,66000000.0,122000000.0,22959000000.0,1085000000.0,281000000.0,161000000.0,1905000000.0,1503000000.0,689000000.0,936000000.0,3194000000.0,5286000000.0,2016-11-01 12:00:00,"November, 2016",November 2016,2016
839,839,12/01/2016 12:00:00 AM,0.047,0.627,16588025000000.0,16588025000000.0,16588025000000.0,16588025000000.0,16588025000000.0,15954953.0,376472088.0,392248503.0,429000000.0,5478000000.0,2249000000.0,1836000000.0,527000000.0,959000000.0,46000000.0,93000000.0,18882000000.0,1036000000.0,257000000.0,122000000.0,1765000000.0,1395000000.0,627000000.0,837000000.0,2938000000.0,4850000000.0,2016-12-01 12:00:00,"December, 2016",December 2016,2016
840,840,01/01/2017 12:00:00 AM,0.047,0.628,17977300000000.0,411206000000.0,70190000.0,8910000.0,61280000.0,15695383.0,379032287.0,385406234.0,371000000.0,4102000000.0,1872000000.0,1409000000.0,500000000.0,726000000.0,40000000.0,70000000.0,16433000000.0,1036000000.0,237000000.0,117000000.0,1696000000.0,1412000000.0,613000000.0,896000000.0,2965000000.0,4814000000.0,2017-01-01 12:00:00,"January, 2017",January 2017,2017
841,841,02/01/2017 12:00:00 AM,0.046,0.628,16588025000000.0,16588025000000.0,69790000.0,8800000.0,60990000.0,15160465.0,373246708.0,367315442.0,323000000.0,4456000000.0,2013000000.0,1525000000.0,634000000.0,732000000.0,33000000.0,76000000.0,17200000000.0,1052000000.0,259000000.0,145000000.0,1769000000.0,1300000000.0,637000000.0,927000000.0,2930000000.0,4877000000.0,2017-02-01 12:00:00,"February, 2017",February 2017,2017
842,842,03/01/2017 12:00:00 AM,0.044,0.63,16588025000000.0,16588025000000.0,69680000.0,8770000.0,60910000.0,17507282.0,415647479.0,430111836.0,370000000.0,5258000000.0,2210000000.0,1899000000.0,679000000.0,807000000.0,35000000.0,83000000.0,19030000000.0,1092000000.0,267000000.0,123000000.0,1890000000.0,1317000000.0,706000000.0,1001000000.0,3103000000.0,5165000000.0,2017-03-01 12:00:00,"March, 2017",March 2017,2017
843,843,04/01/2017 12:00:00 AM,0.045,0.63,18054100000000.0,414625000000.0,70350000.0,9150000.0,61210000.0,17044306.0,388066756.0,407072908.0,451000000.0,6222000000.0,2396000000.0,2233000000.0,634000000.0,953000000.0,35000000.0,86000000.0,20597000000.0,1141000000.0,271000000.0,134000000.0,1935000000.0,1416000000.0,760000000.0,1068000000.0,3335000000.0,5482000000.0,2017-04-01 12:00:00,"April, 2017",April 2017,2017
844,844,05/01/2017 12:00:00 AM,0.044,0.628,16588025000000.0,16588025000000.0,70720000.0,9060000.0,61660000.0,18539625.0,405517838.0,429163483.0,547000000.0,7902000000.0,2545000000.0,2629000000.0,665000000.0,1031000000.0,54000000.0,120000000.0,24076000000.0,1209000000.0,364000000.0,148000000.0,2270000000.0,1702000000.0,891000000.0,1157000000.0,3831000000.0,6351000000.0,2017-05-01 12:00:00,"May, 2017",May 2017,2017
845,845,06/01/2017 12:00:00 AM,0.043,0.628,16588025000000.0,16588025000000.0,70340000.0,9030000.0,61310000.0,18968564.0,381873194.0,419263030.0,565000000.0,8890000000.0,2659000000.0,2822000000.0,614000000.0,1165000000.0,54000000.0,140000000.0,26925000000.0,1391000000.0,363000000.0,145000000.0,2575000000.0,2291000000.0,1001000000.0,1553000000.0,4971000000.0,7807000000.0,2017-06-01 12:00:00,"June, 2017",June 2017,2017
846,846,07/01/2017 12:00:00 AM,0.043,0.629,18185600000000.0,422094000000.0,71140000.0,9080000.0,62060000.0,19283551.0,361210003.0,388539014.0,544000000.0,9745000000.0,2462000000.0,2923000000.0,622000000.0,1063000000.0,43000000.0,176000000.0,27524000000.0,1268000000.0,318000000.0,136000000.0,2451000000.0,2627000000.0,1013000000.0,1560000000.0,5331000000.0,8038000000.0,2017-07-01 12:00:00,"July, 2017",July 2017,2017
847,847,08/01/2017 12:00:00 AM,0.044,0.629,16588025000000.0,16588025000000.0,71160000.0,9090000.0,62080000.0,20389454.0,392451528.0,402576595.0,588000000.0,10179000000.0,2616000000.0,3182000000.0,694000000.0,1148000000.0,50000000.0,145000000.0,28282000000.0,1217000000.0,279000000.0,134000000.0,2334000000.0,2513000000.0,1010000000.0,1557000000.0,5197000000.0,7755000000.0,2017-08-01 12:00:00,"August, 2017",August 2017,2017
848,848,09/01/2017 12:00:00 AM,0.042,0.63,16588025000000.0,16588025000000.0,69380000.0,8600000.0,60780000.0,17975512.0,398194634.0,407759984.0,602000000.0,9773000000.0,2715000000.0,3061000000.0,655000000.0,1244000000.0,62000000.0,131000000.0,26744000000.0,1085000000.0,217000000.0,120000000.0,2056000000.0,1982000000.0,802000000.0,1293000000.0,4223000000.0,6515000000.0,2017-09-01 12:00:00,"September, 2017",September 2017,2017
849,849,10/01/2017 12:00:00 AM,0.041,0.627,18359400000000.0,431766000000.0,72010000.0,9020000.0,62990000.0,18699035.0,425403015.0,444700375.0,556000000.0,9290000000.0,2770000000.0,2898000000.0,709000000.0,1227000000.0,63000000.0,100000000.0,25970000000.0,1130000000.0,210000000.0,151000000.0,2021000000.0,1820000000.0,741000000.0,1241000000.0,3916000000.0,6141000000.0,2017-10-01 12:00:00,"October, 2017",October 2017,2017
850,850,11/01/2017 12:00:00 AM,0.042,0.627,16588025000000.0,16588025000000.0,72300000.0,9040000.0,63260000.0,16992247.0,390921668.0,401710224.0,490000000.0,7470000000.0,2628000000.0,2549000000.0,649000000.0,1207000000.0,75000000.0,81000000.0,23199000000.0,1118000000.0,222000000.0,162000000.0,1994000000.0,1595000000.0,699000000.0,1119000000.0,3486000000.0,5746000000.0,2017-11-01 12:00:00,"November, 2017",November 2017,2017
851,851,12/01/2017 12:00:00 AM,0.041,0.627,16588025000000.0,16588025000000.0,72360000.0,9100000.0,63260000.0,15916113.0,357674882.0,378224139.0,459000000.0,5001000000.0,2402000000.0,1806000000.0,672000000.0,994000000.0,57000000.0,89000000.0,19293000000.0,1078000000.0,211000000.0,131000000.0,1891000000.0,1455000000.0,685000000.0,993000000.0,3199000000.0,5302000000.0,2017-12-01 12:00:00,"December, 2017",December 2017,2017
852,852,01/01/2018 12:00:00 AM,0.04,0.627,18530500000000.0,440842000000.0,72530000.0,9090000.0,63440000.0,16028440.0,369920847.0,381378921.0,415000000.0,4085000000.0,2180000000.0,1393000000.0,595000000.0,961000000.0,43000000.0,95000000.0,17528000000.0,1035000000.0,198000000.0,115000000.0,1790000000.0,1358000000.0,691000000.0,964000000.0,3080000000.0,5043000000.0,2018-01-01 12:00:00,"January, 2018",January 2018,2018
853,853,02/01/2018 12:00:00 AM,0.041,0.63,16588025000000.0,16588025000000.0,73730000.0,9200000.0,64530000.0,15483048.0,364782170.0,364857431.0,415000000.0,4220000000.0,2290000000.0,1502000000.0,622000000.0,1041000000.0,49000000.0,97000000.0,17823000000.0,1056000000.0,209000000.0,112000000.0,1791000000.0,1412000000.0,715000000.0,950000000.0,3146000000.0,5086000000.0,2018-02-01 12:00:00,"February, 2018",February 2018,2018
854,854,03/01/2018 12:00:00 AM,0.04,0.629,16588025000000.0,16588025000000.0,72910000.0,9180000.0,63730000.0,17296690.0,393604986.0,408856449.0,420000000.0,5020000000.0,2439000000.0,1807000000.0,654000000.0,1120000000.0,53000000.0,92000000.0,19719000000.0,1095000000.0,231000000.0,110000000.0,1861000000.0,1601000000.0,781000000.0,1140000000.0,3593000000.0,5608000000.0,2018-03-01 12:00:00,"March, 2018",March 2018,2018
855,855,04/01/2018 12:00:00 AM,0.04,0.629,18654400000000.0,436870000000.0,73870000.0,9230000.0,64650000.0,17566326.0,392252372.0,398115089.0,508000000.0,6298000000.0,2610000000.0,2134000000.0,706000000.0,1175000000.0,65000000.0,122000000.0,22337000000.0,1143000000.0,243000000.0,160000000.0,1996000000.0,1806000000.0,844000000.0,1144000000.0,3878000000.0,6104000000.0,2018-04-01 12:00:00,"April, 2018",April 2018,2018
856,856,05/01/2018 12:00:00 AM,0.038,0.629,16588025000000.0,16588025000000.0,73740000.0,9210000.0,64530000.0,19092459.0,400194774.0,417646812.0,639000000.0,8130000000.0,2783000000.0,2608000000.0,655000000.0,1362000000.0,77000000.0,117000000.0,25421000000.0,1297000000.0,248000000.0,162000000.0,2192000000.0,1944000000.0,924000000.0,1277000000.0,4243000000.0,6649000000.0,2018-05-01 12:00:00,"May, 2018",May 2018,2018
857,857,06/01/2018 12:00:00 AM,0.04,0.63,16588025000000.0,16588025000000.0,74450000.0,9260000.0,65190000.0,19026788.0,373053040.0,409866112.0,774000000.0,9451000000.0,2978000000.0,2806000000.0,633000000.0,1503000000.0,81000000.0,139000000.0,28264000000.0,1515000000.0,254000000.0,132000000.0,2416000000.0,2229000000.0,991000000.0,1588000000.0,4958000000.0,7571000000.0,2018-06-01 12:00:00,"June, 2018",June 2018,2018
858,858,07/01/2018 12:00:00 AM,0.038,0.63,18752400000000.0,432813000000.0,74490000.0,9290000.0,65200000.0,20082435.0,362119816.0,394287833.0,664000000.0,10131000000.0,3153000000.0,2885000000.0,668000000.0,1700000000.0,83000000.0,160000000.0,29318000000.0,1331000000.0,241000000.0,135000000.0,2282000000.0,2434000000.0,1038000000.0,1891000000.0,5561000000.0,8021000000.0,2018-07-01 12:00:00,"July, 2018",July 2018,2018
859,859,08/01/2018 12:00:00 AM,0.038,0.627,16588025000000.0,16588025000000.0,74260000.0,9260000.0,65000000.0,20702522.0,392397741.0,398554199.0,704000000.0,11107000000.0,3106000000.0,3006000000.0,666000000.0,1598000000.0,76000000.0,150000000.0,30655000000.0,1325000000.0,243000000.0,139000000.0,2313000000.0,2375000000.0,1044000000.0,1968000000.0,5586000000.0,8260000000.0,2018-08-01 12:00:00,"August, 2018",August 2018,2018
860,860,09/01/2018 12:00:00 AM,0.037,0.627,16588025000000.0,16588025000000.0,73880000.0,9140000.0,64750000.0,17954646.0,385074986.0,392230685.0,608000000.0,10079000000.0,2980000000.0,2599000000.0,645000000.0,1564000000.0,87000000.0,134000000.0,27663000000.0,1174000000.0,236000000.0,137000000.0,2057000000.0,2099000000.0,879000000.0,1474000000.0,4604000000.0,6951000000.0,2018-09-01 12:00:00,"September, 2018",September 2018,2018
861,861,10/01/2018 12:00:00 AM,0.038,0.628,18813900000000.0,432253000000.0,75000000.0,9460000.0,65540000.0,19367600.0,437208668.0,443479335.0,563000000.0,9354000000.0,3019000000.0,2727000000.0,648000000.0,1522000000.0,91000000.0,116000000.0,26642000000.0,1229000000.0,241000000.0,148000000.0,2004000000.0,1991000000.0,798000000.0,1177000000.0,4101000000.0,6369000000.0,2018-10-01 12:00:00,"October, 2018",October 2018,2018
862,862,11/01/2018 12:00:00 AM,0.038,0.629,16588025000000.0,16588025000000.0,74860000.0,9410000.0,65460000.0,16951787.0,381708475.0,392683202.0,491000000.0,7509000000.0,2794000000.0,2293000000.0,725000000.0,1358000000.0,87000000.0,104000000.0,23185000000.0,1160000000.0,222000000.0,136000000.0,1878000000.0,1788000000.0,734000000.0,1138000000.0,3785000000.0,5858000000.0,2018-11-01 12:00:00,"November, 2018",November 2018,2018
863,863,12/01/2018 12:00:00 AM,0.039,0.63,16588025000000.0,16588025000000.0,75830000.0,9480000.0,66360000.0,16094213.0,356661196.0,369546197.0,452000000.0,5021000000.0,2479000000.0,1653000000.0,608000000.0,1191000000.0,107000000.0,82000000.0,19635000000.0,1140000000.0,214000000.0,130000000.0,1796000000.0,1734000000.0,701000000.0,1140000000.0,3692000000.0,5649000000.0,2018-12-01 12:00:00,"December, 2018",December 2018,2018
864,864,01/01/2019 12:00:00 AM,0.04,0.631,18950300000000.0,434827000000.0,75130000.0,9480000.0,65650000.0,16515635.0,367851089.0,368022820.0,432000000.0,4358000000.0,2380000000.0,1497000000.0,610000000.0,1088000000.0,106000000.0,88000000.0,18190000000.0,1055000000.0,230000000.0,128000000.0,1720000000.0,1632000000.0,639000000.0,1111000000.0,3472000000.0,5353000000.0,2019-01-01 12:00:00,"January, 2019",January 2019,2019
865,865,02/01/2019 12:00:00 AM,0.038,0.631,16588025000000.0,16588025000000.0,75900000.0,9510000.0,66390000.0,15136059.0,354692992.0,350068247.0,424000000.0,4778000000.0,2472000000.0,1584000000.0,816000000.0,1031000000.0,91000000.0,74000000.0,18809000000.0,1088000000.0,260000000.0,142000000.0,1784000000.0,1627000000.0,654000000.0,1029000000.0,3403000000.0,5365000000.0,2019-02-01 12:00:00,"February, 2019",February 2019,2019
866,866,03/01/2019 12:00:00 AM,0.038,0.631,16588025000000.0,16588025000000.0,76980000.0,9580000.0,67400000.0,17756195.0,390228157.0,403221955.0,503000000.0,5575000000.0,2678000000.0,1840000000.0,834000000.0,1125000000.0,84000000.0,88000000.0,20622000000.0,1093000000.0,283000000.0,150000000.0,1839000000.0,1743000000.0,675000000.0,1134000000.0,3654000000.0,5693000000.0,2019-03-01 12:00:00,"March, 2019",March 2019,2019
867,867,04/01/2019 12:00:00 AM,0.037,0.629,19020600000000.0,439805000000.0,76600000.0,9570000.0,67030000.0,18705140.0,397479345.0,415533810.0,545000000.0,7796000000.0,2896000000.0,2277000000.0,848000000.0,1299000000.0,64000000.0,92000000.0,24546000000.0,1195000000.0,304000000.0,167000000.0,2049000000.0,1875000000.0,770000000.0,1294000000.0,4054000000.0,6329000000.0,2019-04-01 12:00:00,"April, 2019",April 2019,2019
868,868,05/01/2019 12:00:00 AM,0.037,0.629,16588025000000.0,16588025000000.0,76940000.0,9640000.0,67300000.0,19530134.0,399640786.0,421141236.0,633000000.0,9159000000.0,3161000000.0,2689000000.0,897000000.0,1479000000.0,74000000.0,109000000.0,27201000000.0,1182000000.0,314000000.0,188000000.0,2089000000.0,2240000000.0,858000000.0,1278000000.0,4504000000.0,6846000000.0,2019-05-01 12:00:00,"May, 2019",May 2019,2019
869,869,06/01/2019 12:00:00 AM,0.036,0.629,16588025000000.0,16588025000000.0,77380000.0,9630000.0,67750000.0,18911631.0,362002815.0,398791173.0,639000000.0,9921000000.0,3401000000.0,2270000000.0,1032000000.0,1630000000.0,83000000.0,125000000.0,29555000000.0,1221000000.0,315000000.0,177000000.0,2184000000.0,2672000000.0,1127000000.0,1579000000.0,5525000000.0,7967000000.0,2019-06-01 12:00:00,"June, 2019",June 2019,2019
870,870,07/01/2019 12:00:00 AM,0.036,0.631,19141700000000.0,447355000000.0,77420000.0,9580000.0,67850000.0,20251475.0,369342381.0,411609150.0,698000000.0,10817000000.0,3423000000.0,2558000000.0,994000000.0,1676000000.0,79000000.0,125000000.0,31383000000.0,1250000000.0,291000000.0,182000000.0,2220000000.0,3104000000.0,1276000000.0,1688000000.0,6238000000.0,8722000000.0,2019-07-01 12:00:00,"July, 2019",July 2019,2019
871,871,08/01/2019 12:00:00 AM,0.037,0.632,16588025000000.0,16588025000000.0,77400000.0,9580000.0,67820000.0,20461929.0,384106237.0,410227190.0,674000000.0,10844000000.0,3590000000.0,2626000000.0,1037000000.0,1794000000.0,83000000.0,125000000.0,31536000000.0,1241000000.0,284000000.0,194000000.0,2238000000.0,2966000000.0,1161000000.0,1604000000.0,5869000000.0,8387000000.0,2019-08-01 12:00:00,"August, 2019",August 2019,2019
872,872,09/01/2019 12:00:00 AM,0.035,0.631,16588025000000.0,16588025000000.0,77930000.0,9650000.0,68280000.0,18254603.0,396133294.0,410891088.0,743000000.0,10435000000.0,3549000000.0,2509000000.0,1014000000.0,1742000000.0,99000000.0,151000000.0,30705000000.0,1271000000.0,253000000.0,175000000.0,2315000000.0,2607000000.0,936000000.0,1425000000.0,5097000000.0,7660000000.0,2019-09-01 12:00:00,"September, 2019",September 2019,2019
873,873,10/01/2019 12:00:00 AM,0.036,0.632,19254000000000.0,447841000000.0,77630000.0,9710000.0,67920000.0,19042339.0,426409210.0,448800841.0,725000000.0,9334000000.0,3455000000.0,2238000000.0,986000000.0,1710000000.0,99000000.0,164000000.0,28985000000.0,1218000000.0,271000000.0,171000000.0,2206000000.0,2350000000.0,934000000.0,1336000000.0,4775000000.0,7235000000.0,2019-10-01 12:00:00,"October, 2019",October 2019,2019
874,874,11/01/2019 12:00:00 AM,0.036,0.632,16588025000000.0,16588025000000.0,79000000.0,9760000.0,69240000.0,16305051.0,371769420.0,405015198.0,667000000.0,7337000000.0,3317000000.0,1860000000.0,989000000.0,1590000000.0,91000000.0,121000000.0,25617000000.0,1144000000.0,261000000.0,163000000.0,2015000000.0,2124000000.0,841000000.0,1231000000.0,4330000000.0,6571000000.0,2019-11-01 12:00:00,"November, 2019",November 2019,2019
875,875,12/01/2019 12:00:00 AM,0.036,0.633,16588025000000.0,16588025000000.0,78790000.0,9720000.0,69070000.0,16214779.0,352170175.0,401917786.0,544000000.0,5289000000.0,3046000000.0,1405000000.0,960000000.0,1404000000.0,103000000.0,116000000.0,22024000000.0,1056000000.0,262000000.0,164000000.0,1860000000.0,1885000000.0,789000000.0,1085000000.0,3871000000.0,5960000000.0,2019-12-01 12:00:00,"December, 2019",December 2019,2019
